{"count":1,"self":101.1847616,"total":101.7190519,"children":{"InitializeActuators":{"count":2,"self":0.0035286999999999996,"total":0.0035286999999999996,"children":null},"InitializeSensors":{"count":2,"self":0.0016696999999999999,"total":0.0016696999999999999,"children":null},"AgentSendState":{"count":2722,"self":0.0315742,"total":0.0724755,"children":{"CollectObservations":{"count":1056,"self":0.0188312,"total":0.0188312,"children":null},"WriteActionMask":{"count":1056,"self":0.0020647,"total":0.0020647,"children":null},"RequestDecision":{"count":1056,"self":0.0200054,"total":0.0200054,"children":null}}},"DecideAction":{"count":2722,"self":0.32688259999999997,"total":0.32688259999999997,"children":null},"AgentAct":{"count":2722,"self":0.12973379999999998,"total":0.12973379999999998,"children":null}},"gauges":{},"metadata":{"timer_format_version":"0.1.0","start_time_seconds":"1776642866","unity_version":"6000.3.11f1","command_line_arguments":"C:\\Program Files\\Unity\\Hub\\Editor\\6000.3.11f1\\Editor\\Unity.exe -projectPath C:\\Users\\joshu\\OneDrive\\Desktop\\Bug-Hunt","communication_protocol_version":"1.5.0","com.unity.ml-agents_version":"4.0.2","scene_name":"Level 1","end_time_seconds":"1776642967"}}